query_id,product_id,esci_label,relevance
13357,B00KQPTKNW,S,2
13357,B00T9Y84O2,I,0
13357,B00T9Y8TQA,S,2
13357,B00T9YBL6K,E,3
13357,B00TGZPG6S,I,0
13357,B00Y0Q1DLK,I,0
13357,B00YMSZDZS,S,2
13357,B00YMT0IKW,S,2
13357,B015FMZ4MQ,E,3
13357,B01B1JGLCO,S,2
13357,B01GHSQUZM,S,2
13357,B01MV80F5C,E,3
13357,B06WV791ZY,S,2
13357,B07BFFKCHC,S,2
13357,B07DBQNP1X,S,2
13357,B07KT89932,S,2
13357,B07S37RMMP,S,2
13357,B07S4CB9VT,S,2
13357,B07S946NHS,S,2
13357,B07WFHGLXP,S,2
13357,B087K4RPXS,I,0
13357,B087K9G4YP,S,2
13357,B087K9MB1B,E,3
13357,B087KBB8V4,I,0
13357,B087KBBHSM,S,2
13357,B08DTXGJJW,S,2
13357,B08JM5M345,S,2
13357,B08L81WGD7,I,0
13357,B08WJHF623,S,2
13357,B08ZNCRLDC,S,2
13357,B091BB18QV,S,2
13357,B0937C9GTY,S,2
13357,B093QP3335,S,2
13357,B0953QHV52,I,0
13357,B096W9CNHN,I,0
13357,B096ZLG8GF,S,2
13357,B096ZVCCPF,S,2
13357,B096ZZBBBK,I,0
13357,B099ZLJVVB,S,2
13357,B09BW133YW,S,2
18868,B001EYTW7S,I,0
18868,B00475B94U,E,3
18868,B06X9WSSLL,S,2
18868,B0714N7942,E,3
18868,B071GFDJSD,E,3
18868,B071P9Y9GD,I,0
18868,B071RN7FHT,E,3
18868,B072FRGG6S,I,0
18868,B075Z34PS8,I,0
18868,B076LXCCXR,I,0
18868,B079FTG3Z7,I,0
18868,B07G1DXKV2,E,3
18868,B07GN7XRQ9,S,2
18868,B07GQS1C7W,I,0
18868,B07H2Y8R6Y,E,3
18868,B07H97VGBP,E,3
28703,B07NL3Z842,S,2
28703,B07TCMJQTF,E,3
28703,B07XT5ZSJD,E,3
28703,B083B8L7Q9,S,2
28703,B083BM815K,E,3
28703,B085PCPNCV,S,2
28703,B087KFR855,E,3
28703,B08822GWJV,E,3
28703,B0883B57JC,E,3
28703,B0883BHSY5,E,3
28703,B089FYKC2P,S,2
28703,B089YT2VDN,S,2
28703,B08BZ58J1D,S,2
28703,B08BZ5SNTJ,S,2
28703,B08CS7D3RL,E,3
28703,B08CVR88WM,E,3
28703,B08FC69VMH,E,3
28703,B08GYFBKD4,E,3
28703,B08HZ3YBPH,E,3
28703,B08JZVBZ13,E,3
28703,B08L66P2D9,E,3
28703,B08M3LJX5H,E,3
28703,B08MCDPVCJ,E,3
28703,B08PFJVLGD,S,2
28703,B08PFJXSW5,E,3
28703,B08PFK1TTF,E,3
28703,B08PVGW98R,E,3
28703,B08RZ19NDS,E,3
28703,B08SWF4FZ2,E,3
28703,B08TP4PWBX,S,2
28703,B08TX2KN7L,E,3
28703,B08V213JPV,E,3
28703,B08V249BKY,S,2
28703,B08V54D9JP,E,3
28703,B08WRT63Z2,S,2
28703,B08Y5VXL32,E,3
28703,B094H63DFF,S,2
28703,B095KFLCLP,S,2
28703,B095LQ88G1,S,2
28703,B099KBZY98,I,0
31224,B000IHYS2Q,S,2
31224,B000KIX65S,S,2
31224,B006Q8VAL8,S,2
31224,B00BIFWNV0,S,2
31224,B00FWVM4RE,E,3
31224,B00W46KQ5W,S,2
31224,B012T29V06,S,2
31224,B019GL1854,E,3
31224,B01B98IYPY,S,2
31224,B01C672SZ4,S,2
31224,B01C672VK6,S,2
31224,B01LNNBP9W,E,3
31224,B01MU31H1P,E,3
31224,B07H9J1YXN,C,1
31224,B07HP6XKC6,E,3
31224,B07KQ1GFYD,S,2
33633,B07GSVQG2R,E,3
33633,B07GVNHRRR,I,0
33633,B07JZCTFYV,I,0
33633,B07M8Y1FMT,I,0
33633,B07M9C56KQ,I,0
33633,B07TFKMTJ8,S,2
33633,B07WGHD2Z7,C,1
33633,B07XD9D2HB,S,2
33633,B07XM84G9L,S,2
33633,B07Z8N7Z3K,C,1
33633,B0818K237B,I,0
33633,B0818SNL38,I,0
33633,B0818TKB98,I,0
33633,B0818VQ544,I,0
33633,B0818WGCXC,I,0
33633,B082GRDSDB,I,0
38249,B00OXNEU5Q,E,3
38249,B01MZAP2O5,S,2
38249,B071S374G9,E,3
38249,B075CT3ZT8,E,3
38249,B07BH2442X,E,3
38249,B07F6QTVK4,E,3
38249,B07QKJQ6Z4,E,3
38249,B07QY6B8K5,E,3
38249,B07SWYRYB4,I,0
38249,B07WLWYNF3,E,3
38249,B07WT1ZWG3,E,3
38249,B07WV31K2S,E,3
38249,B07ZVJQNRK,E,3
38249,B082PR44HT,S,2
38249,B082VZP3J5,C,1
38249,B087Q5SLQT,E,3
38249,B087QYF1WC,E,3
38249,B08BWTFMV4,E,3
38249,B08CDNV942,S,2
38249,B08FMH2YHQ,E,3
38249,B08HQJQRHT,E,3
38249,B08LPWCHV7,I,0
38249,B08NV5FQY4,E,3
38249,B08R6H2TXD,S,2
38249,B08S3WZX4M,E,3
38249,B08SHYQGSZ,I,0
38249,B08W29D9SB,E,3
38249,B08Y8G4F6K,S,2
38249,B08Z3LRJ8B,E,3
38249,B08Z41QFJ6,E,3
38249,B091T4NPSM,E,3
38249,B0922JVG1Y,E,3
38249,B094FWB6J5,E,3
38249,B094GS9X92,E,3
38249,B096LZLK4H,E,3
38249,B096TPBZ3Z,E,3
38249,B097HLYDF4,E,3
38249,B09B1RP7G1,E,3
38249,B09BHVMCC3,E,3
38249,B09BQTS4FF,I,0
43240,B071FF9Y6T,I,0
43240,B07GXJ9S5M,I,0
43240,B07V8GBRPW,I,0
43240,B08CXPPSX8,E,3
43240,B08DKWQD8R,E,3
43240,B08DXHWQZC,E,3
43240,B08FQQWVTP,E,3
43240,B08FT5QDWJ,E,3
43240,B08G42DW2L,S,2
43240,B08GWN3GMX,S,2
43240,B08GY7NPYN,E,3
43240,B08J9T11XW,E,3
43240,B08JCFN672,S,2
43240,B08KPYKNWZ,E,3
43240,B08KTS1FZT,S,2
43240,B08L1XPVFD,E,3
43240,B08L6GSP7S,S,2
43240,B08LVQPZQD,E,3
43240,B08LYB2GP9,E,3
43240,B08LYZLJ35,E,3
43240,B08LZYZ1FJ,E,3
43240,B08M3YK354,E,3
43240,B08MF41QVT,S,2
43240,B08MJBJWLP,E,3
43240,B08MQ42Z6P,E,3
43240,B08MSR1SJS,S,2
43240,B08N6MJYNM,E,3
43240,B08N9HYMDW,E,3
43240,B08ND8VXN4,E,3
43240,B08PPFGGK3,E,3
43240,B08Q3KQ1KZ,S,2
43240,B08RS2N1VY,I,0
43240,B08Z76N379,I,0
43240,B08ZS57R32,S,2
43240,B092VN3C4H,E,3
43240,B09314LYMF,S,2
43240,B093NZZZXD,E,3
43240,B096ZQXB5P,E,3
43240,B09BCW927H,E,3
43240,B09CTXLHZS,S,2
61533,B0020T04I2,I,0
61533,B0046ZFHO4,E,3
61533,B004X0KWYW,I,0
61533,B009PLRV2A,E,3
61533,B00M7DTS88,E,3
61533,B00MY3XA6M,I,0
61533,B00WGOY7O8,E,3
61533,B00XA0S8LK,I,0
61533,B00XA0SK04,S,2
61533,B00XACGH6Q,S,2
61533,B01I5JVBZK,E,3
61533,B01M27AX2U,I,0
61533,B01M31TMH8,E,3
61533,B01M4LWO0J,S,2
61533,B01MSTVEZN,E,3
61533,B0725Q67X3,E,3
61533,B072FQPDZD,I,0
61533,B073FB37SL,E,3
61533,B079ZYKLFD,E,3
61533,B07B1171D5,E,3
61533,B07BXN33GQ,E,3
61533,B07FNQ3DHK,E,3
61533,B07QB8484X,E,3
61533,B07QB8484Y,E,3
61533,B07QB8484Z,I,0
61533,B07RT1QP55,E,3
61533,B07S4SLSFM,E,3
61533,B07Y9ZPK8F,E,3
61533,B07ZWPV8LV,I,0
61533,B0811WMJM7,E,3
61533,B081T55SQF,S,2
61533,B082VVLV3X,E,3
61533,B0837V9T36,E,3
61533,B084BPS1LS,E,3
61533,B085WY78SG,E,3
61533,B0869L7SSX,E,3
61533,B0869LJW6J,E,3
61533,B086PZBWZ3,S,2
61533,B08LNS51YL,I,0
61533,B08NW3YCY6,I,0
